t,h
2019-01-01 00:00:00+00:00,7.883
2019-01-01 01:00:00+00:00,9.096
2019-01-01 02:00:00+00:00,9.573
2019-01-01 03:00:00+00:00,9.296
2019-01-01 04:00:00+00:00,8.511
2019-01-01 05:00:00+00:00,7.343
2019-01-01 06:00:00+00:00,6.024
2019-01-01 07:00:00+00:00,4.851
2019-01-01 08:00:00+00:00,3.973
2019-01-01 09:00:00+00:00,3.665
2019-01-01 10:00:00+00:00,4.178
2019-01-01 11:00:00+00:00,5.456
2019-01-01 12:00:00+00:00,7.174
2019-01-01 13:00:00+00:00,8.697
2019-01-01 14:00:00+00:00,9.564
2019-01-01 15:00:00+00:00,9.554
2019-01-01 16:00:00+00:00,8.912
2019-01-01 17:00:00+00:00,7.914
2019-01-01 18:00:00+00:00,6.654
2019-01-01 19:00:00+00:00,5.379
2019-01-01 20:00:00+00:00,4.282
2019-01-01 21:00:00+00:00,3.546
2019-01-01 22:00:00+00:00,3.526
2019-01-01 23:00:00+00:00,4.373
2019-01-02 00:00:00+00:00,5.966
2019-01-02 01:00:00+00:00,7.787
2019-01-02 02:00:00+00:00,9.24
2019-01-02 03:00:00+00:00,9.839
2019-01-02 04:00:00+00:00,9.558
2019-01-02 05:00:00+00:00,8.646
2019-01-02 06:00:00+00:00,7.344
2019-01-02 07:00:00+00:00,5.872
2019-01-02 08:00:00+00:00,4.526
2019-01-02 09:00:00+00:00,3.538
2019-01-02 10:00:00+00:00,3.133
2019-01-02 11:00:00+00:00,3.606
2019-01-02 12:00:00+00:00,5.015
2019-01-02 13:00:00+00:00,6.94
2019-01-02 14:00:00+00:00,8.72
2019-01-02 15:00:00+00:00,9.785
2019-01-02 16:00:00+00:00,9.814
2019-01-02 17:00:00+00:00,9.148
2019-01-02 18:00:00+00:00,7.972
2019-01-02 19:00:00+00:00,6.548
2019-01-02 20:00:00+00:00,5.108
2019-01-02 21:00:00+00:00,3.911
2019-01-02 22:00:00+00:00,3.133
2019-01-02 23:00:00+00:00,3.099
2019-01-03 00:00:00+00:00,4.071
2019-01-03 01:00:00+00:00,5.898
2019-01-03 02:00:00+00:00,7.974
2019-01-03 03:00:00+00:00,9.626
2019-01-03 04:00:00+00:00,10.298
2019-01-03 05:00:00+00:00,9.962
2019-01-03 06:00:00+00:00,8.9
2019-01-03 07:00:00+00:00,7.366
2019-01-03 08:00:00+00:00,5.74
2019-01-03 09:00:00+00:00,4.306
2019-01-03 10:00:00+00:00,3.274
2019-01-03 11:00:00+00:00,2.886
2019-01-03 12:00:00+00:00,3.478
2019-01-03 13:00:00+00:00,5.051
2019-01-03 14:00:00+00:00,7.204
2019-01-03 15:00:00+00:00,9.093
2019-01-03 16:00:00+00:00,10.173
2019-01-03 17:00:00+00:00,10.15
2019-01-03 18:00:00+00:00,9.31
2019-01-03 19:00:00+00:00,7.965
2019-01-03 20:00:00+00:00,6.336
2019-01-03 21:00:00+00:00,4.77
2019-01-03 22:00:00+00:00,3.517
2019-01-03 23:00:00+00:00,2.785
